team_name,team_code,player_name,shirt_number,position,club,fifa_player_id
Algeria,ALG,Melvin Mastil,1,GK,,520070
Algeria,ALG,Aissa Mandi,2,DF,,376285
Algeria,ALG,Achraf Abada,3,DF,,512127
Algeria,ALG,Mohamed Amine Tougai,4,DF,,433600
Algeria,ALG,Zineddine Belaid,5,DF,,480983
Algeria,ALG,Ramiz Zerrouki,6,MF,,433679
Algeria,ALG,Riyad Mahrez,7,FW,,379942
Algeria,ALG,Houssem Aouar,8,MF,,430698
Algeria,ALG,Amine Gouiri,9,FW,,405877
Algeria,ALG,Fares Chaibi,10,MF,,477795
Algeria,ALG,Anis Hadj Moussa,11,FW,,482874
Algeria,ALG,Nadhir Benbouali,12,FW,,520071
Algeria,ALG,Jaouen Hadjam,13,DF,,482869
Algeria,ALG,Hicham Boudaoui,14,MF,,441350
Algeria,ALG,Rayan Ait-Nouri,15,DF,,431858
Algeria,ALG,Oussama Benbot,16,GK,,477817
Algeria,ALG,Rafik Belghali,17,DF,,511009
Algeria,ALG,Mohamed Amoura,18,FW,,477790
Algeria,ALG,Nabil Bentaleb,19,MF,,379939
Algeria,ALG,Adil Boulbina,20,FW,,512132
Algeria,ALG,Ramy Bensebaini,21,DF,,395113
Algeria,ALG,Ibrahim Maza,22,MF,,494291
Algeria,ALG,Luca Zidane,23,GK,,389879
Algeria,ALG,Yassine Titraoui,24,MF,,433631
Algeria,ALG,Fares Ghedjemis,25,FW,,520072
Algeria,ALG,Samir Chergui,26,DF,,511010
Argentina,ARG,Juan Musso,1,GK,,430624
Argentina,ARG,Leonardo Balerdi,2,DF,,416723
Argentina,ARG,Nicolas Tagliafico,3,DF,,308322
Argentina,ARG,Gonzalo Montiel,4,DF,,402926
Argentina,ARG,Leandro Paredes,5,MF,,332847
Argentina,ARG,Lisandro Martinez,6,DF,,402921
Argentina,ARG,Rodrigo De Paul,7,MF,,428882
Argentina,ARG,Valentin Barco,8,MF,,463661
Argentina,ARG,Julian Alvarez,9,FW,,416081
Argentina,ARG,Lionel Messi,10,FW,,229397
Argentina,ARG,Giovani Lo Celso,11,MF,,395414
Argentina,ARG,Geronimo Rulli,12,GK,,394824
Argentina,ARG,Cristian Romero,13,DF,,431196
Argentina,ARG,Exequiel Palacios,14,MF,,389485
Argentina,ARG,Nico Gonzalez,15,MF,,430631
Argentina,ARG,Thiago Almada,16,FW,,418975
Argentina,ARG,Giuliano Simeone,17,FW,,485595
Argentina,ARG,Nico Paz,18,FW,,441422
Argentina,ARG,Nicolas Otamendi,19,DF,,310116
Argentina,ARG,Alexis Mac Allister,20,MF,,430628
Argentina,ARG,Jose Manuel Lopez,21,FW,,495054
Argentina,ARG,Lautaro Martinez,22,FW,,402920
Argentina,ARG,Emiliano Martinez,23,GK,,308300
Argentina,ARG,Enzo Fernandez,24,MF,,448252
Argentina,ARG,Facundo Medina,25,DF,,418963
Argentina,ARG,Nahuel Molina,26,DF,,402925
Australia,AUS,Mathew Ryan,1,GK,,339117
Australia,AUS,Milos Degenek,2,DF,,331149
Australia,AUS,Alessandro Circati,3,DF,,448014
Australia,AUS,Jacob Italiano,4,DF,,430450
Australia,AUS,Jordan Bos,5,DF,,423522
Australia,AUS,Jason Geria,6,DF,,339112
Australia,AUS,Mathew Leckie,7,FW,,321697
Australia,AUS,Connor Metcalfe,8,MF,,430452
Australia,AUS,Mohamed Toure,9,FW,,498806
Australia,AUS,Ajdin Hrustic,10,FW,,404319
Australia,AUS,Awer Mabil,11,FW,,406606
Australia,AUS,Paul Izzo,12,GK,,331135
Australia,AUS,Aiden Oneill,13,MF,,430440
Australia,AUS,Cameron Devlin,14,MF,,430437
Australia,AUS,Kai Trewin,15,DF,,494411
Australia,AUS,Aziz Behich,16,DF,,349342
Australia,AUS,Nestory Irankunda,17,FW,,486306
Australia,AUS,Patrick Beach,18,GK,,494557
Australia,AUS,Harry Souttar,19,DF,,430442
Australia,AUS,Cristian Volpato,20,FW,,448015
Australia,AUS,Cameron Burgess,21,DF,,382312
Australia,AUS,Jackson Irvine,22,MF,,355775
Australia,AUS,Nishan Velupillay,23,FW,,491166
Australia,AUS,Paul Okon-Engstler,24,MF,,498421
Australia,AUS,Lucas Herrington,25,DF,,504931
Australia,AUS,Tete Yengi,26,FW,,518200
Austria,AUT,Alexander Schlager,1,GK,,371739
Austria,AUT,David Affengruber,2,DF,,520035
Austria,AUT,Kevin Danso,3,DF,,405263
Austria,AUT,Xaver Schlager,4,MF,,385531
Austria,AUT,Stefan Posch,5,DF,,441067
Austria,AUT,Nicolas Seiwald,6,MF,,441088
Austria,AUT,Marko Arnautovic,7,FW,,299200
Austria,AUT,David Alaba,8,DF,,316002
Austria,AUT,Marcel Sabitzer,9,MF,,358241
Austria,AUT,Florian Grillitsch,10,MF,,385248
Austria,AUT,Michael Gregoritsch,11,FW,,401131
Austria,AUT,Florian Wiegele,12,GK,,520034
Austria,AUT,Patrick Pentz,13,GK,,441065
Austria,AUT,Sasa Kalajdzic,14,FW,,430100
Austria,AUT,Philipp Lienhart,15,DF,,372243
Austria,AUT,Phillip Mwene,16,DF,,463288
Austria,AUT,Carney Chukwuemeka,17,MF,,463800
Austria,AUT,Romano Schmid,18,MF,,463283
Austria,AUT,Christoph Baumgartner,19,MF,,441069
Austria,AUT,Konrad Laimer,20,MF,,385259
Austria,AUT,Patrick Wimmer,21,FW,,463286
Austria,AUT,Alexander Prass,22,MF,,463282
Austria,AUT,Marco Friedl,23,DF,,463287
Austria,AUT,Paul Wanner,24,MF,,520036
Austria,AUT,Michael Svoboda,25,DF,,491269
Austria,AUT,Alessandro Schoepf,26,MF,,375600
Belgium,BEL,Thibaut Courtois,1,GK,,358106
Belgium,BEL,Zeno Debast,2,DF,,448369
Belgium,BEL,Arthur Theate,3,DF,,448346
Belgium,BEL,Brandon Mechele,4,DF,,448360
Belgium,BEL,Maxim De Cuyper,5,DF,,448373
Belgium,BEL,Axel Witsel,6,MF,,290821
Belgium,BEL,Kevin De Bruyne,7,MF,,358120
Belgium,BEL,Youri Tielemans,8,MF,,401444
Belgium,BEL,Romelu Lukaku,9,FW,,358112
Belgium,BEL,Leandro Trossard,10,FW,,448355
Belgium,BEL,Jeremy Doku,11,FW,,448341
Belgium,BEL,Senne Lammens,12,GK,,495348
Belgium,BEL,Mike Penders,13,GK,,499803
Belgium,BEL,Dodi Lukebakio,14,FW,,448377
Belgium,BEL,Thomas Meunier,15,DF,,358122
Belgium,BEL,Koni De Winter,16,DF,,448366
Belgium,BEL,Charles De Ketelaere,17,FW,,448362
Belgium,BEL,Joaquin Seys,18,DF,,506088
Belgium,BEL,Diego Moreira,19,MF,,497902
Belgium,BEL,Hans Vanaken,20,MF,,448343
Belgium,BEL,Timothy Castagne,21,DF,,411443
Belgium,BEL,Alexis Saelemaekers,22,MF,,433092
Belgium,BEL,Nicolas Raskin,23,MF,,495349
Belgium,BEL,Amadou Onana,24,MF,,448364
Belgium,BEL,Nathan Ngoy,25,DF,,514166
Belgium,BEL,Matias Fernandez-Pardo,26,FW,,494025
Bosnia & Herzegovina,BIH,Nikola Vasilj,1,GK,,482978
Bosnia & Herzegovina,BIH,Nihad Mujakic,2,DF,,482969
Bosnia & Herzegovina,BIH,Dennis Hadzikadunic,3,DF,,430194
Bosnia & Herzegovina,BIH,Tarik Muharemovic,4,DF,,484022
Bosnia & Herzegovina,BIH,Sead Kolasinac,5,DF,,376230
Bosnia & Herzegovina,BIH,Benjamin Tahirovic,6,MF,,483966
Bosnia & Herzegovina,BIH,Amar Dedic,7,DF,,482976
Bosnia & Herzegovina,BIH,Armin Gigovic,8,MF,,489523
Bosnia & Herzegovina,BIH,Samed Bazdar,9,FW,,485063
Bosnia & Herzegovina,BIH,Ermedin Demirovic,10,FW,,436743
Bosnia & Herzegovina,BIH,Edin Dzeko,11,FW,,300409
Bosnia & Herzegovina,BIH,Mladen Jurkas,12,GK,,522842
Bosnia & Herzegovina,BIH,Ivan Basic,13,MF,,482974
Bosnia & Herzegovina,BIH,Ivan Sunjic,14,MF,,372436
Bosnia & Herzegovina,BIH,Amar Memic,15,MF,,494640
Bosnia & Herzegovina,BIH,Amir Hadziahmetovic,16,MF,,430196
Bosnia & Herzegovina,BIH,Dzenis Burnic,17,MF,,389886
Bosnia & Herzegovina,BIH,Nikola Katic,18,DF,,489520
Bosnia & Herzegovina,BIH,Kerim Alajbegovic,19,FW,,504990
Bosnia & Herzegovina,BIH,Esmir Bajraktarevic,20,FW,,464566
Bosnia & Herzegovina,BIH,Stjepan Radeljic,21,DF,,489521
Bosnia & Herzegovina,BIH,Martin Zlomislic,22,GK,,491228
Bosnia & Herzegovina,BIH,Haris Tabakovic,23,FW,,482984
Bosnia & Herzegovina,BIH,Nidal Celik,24,DF,,492367
Bosnia & Herzegovina,BIH,Jovo Lukic,25,FW,,519954
Bosnia & Herzegovina,BIH,Ermin Mahmic,26,MF,,522846
Brazil,BRA,Alisson,1,GK,,308370
Brazil,BRA,Wesley,2,DF,,461089
Brazil,BRA,Gabriel Magalhaes,3,DF,,430601
Brazil,BRA,Marquinhos,4,DF,,332946
Brazil,BRA,Casemiro,5,MF,,308386
Brazil,BRA,Alex Sandro,6,DF,,335658
Brazil,BRA,Vinicius Junior,7,FW,,405742
Brazil,BRA,Bruno Guimaraes,8,MF,,430605
Brazil,BRA,Matheus Cunha,9,FW,,430609
Brazil,BRA,Neymar Jr,10,FW,,314197
Brazil,BRA,Raphinha,11,FW,,433872
Brazil,BRA,Weverton,12,GK,,396315
Brazil,BRA,Danilo,13,DF,,335656
Brazil,BRA,Bremer,14,DF,,431889
Brazil,BRA,Leo Pereira,15,DF,,371956
Brazil,BRA,Douglas Santos,16,DF,,367981
Brazil,BRA,Fabinho,17,MF,,394456
Brazil,BRA,Danilo Santos,18,MF,,429392
Brazil,BRA,Endrick,19,FW,,463746
Brazil,BRA,Lucas Paqueta,20,MF,,411726
Brazil,BRA,Luiz Henrique,21,FW,,448420
Brazil,BRA,Gabriel Martinelli,22,FW,,430597
Brazil,BRA,Ederson,23,GK,,395427
Brazil,BRA,Roger Ibanez,24,DF,,430594
Brazil,BRA,Igor Thiago,25,FW,,519836
Brazil,BRA,Rayan,26,FW,,475036
Canada,CAN,Dayne St. Clair,1,GK,,441255
Canada,CAN,Alistair Johnston,2,DF,,441252
Canada,CAN,Alfie Jones,3,DF,,514070
Canada,CAN,Luc De Fougerolles,4,DF,,480322
Canada,CAN,Joel Waterman,5,DF,,448402
Canada,CAN,Mathieu Choiniere,6,MF,,448390
Canada,CAN,Stephen Eustaquio,7,MF,,433635
Canada,CAN,Ismael Kone,8,MF,,441258
Canada,CAN,Cyle Larin,9,FW,,390670
Canada,CAN,Jonathan David,10,FW,,441257
Canada,CAN,Liam Millar,11,MF,,441259
Canada,CAN,Tani Oluwaseyi,12,FW,,486929
Canada,CAN,Derek Cornelius,13,DF,,371958
Canada,CAN,Jacob Shaffelburg,14,MF,,448411
Canada,CAN,Moise Bombito,15,DF,,466585
Canada,CAN,Maxime Crepeau,16,GK,,331732
Canada,CAN,Tajon Buchanan,17,FW,,430138
Canada,CAN,Owen Goodman,18,GK,,463817
Canada,CAN,Alphonso Davies,19,DF,,412144
Canada,CAN,Ali Ahmed,20,FW,,466687
Canada,CAN,Jonathan Osorio,21,MF,,370986
Canada,CAN,Richie Laryea,22,DF,,431696
Canada,CAN,Niko Sigur,23,DF,,485064
Canada,CAN,Promise David,24,FW,,493970
Canada,CAN,Nathan Saliba,25,MF,,423941
Canada,CAN,Marcelo Flores,26,MF,,448053
Ivory Coast,CIV,Yahia Fofana,1,GK,,405873
Ivory Coast,CIV,Ousmane Diomande,2,DF,,477802
Ivory Coast,CIV,Ghislain Konan,3,DF,,407343
Ivory Coast,CIV,Jean Michael Seri,4,MF,,335807
Ivory Coast,CIV,Wilfried Singo,5,DF,,430854
Ivory Coast,CIV,Seko Fofana,6,MF,,405175
Ivory Coast,CIV,Odilon Kossounou,7,DF,,477825
Ivory Coast,CIV,Franck Kessie,8,MF,,371609
Ivory Coast,CIV,Ange-Yoan Bonny,9,FW,,464103
Ivory Coast,CIV,Simon Adingra,10,FW,,477778
Ivory Coast,CIV,Yan Diomande,11,FW,,510922
Ivory Coast,CIV,Elye Wahi,12,FW,,464133
Ivory Coast,CIV,Christopher Operi,13,DF,,486260
Ivory Coast,CIV,Oumar Diakite,14,FW,,477777
Ivory Coast,CIV,Amad Diallo,15,FW,,430822
Ivory Coast,CIV,Mohamed Kone,16,GK,,486259
Ivory Coast,CIV,Guela Doue,17,DF,,486317
Ivory Coast,CIV,Ibrahim Sangare,18,MF,,430831
Ivory Coast,CIV,Nicolas Pepe,19,FW,,402261
Ivory Coast,CIV,Emmanuel Agbadou,20,DF,,486268
Ivory Coast,CIV,Evan Ndicka,21,DF,,419172
Ivory Coast,CIV,Evann Guessand,22,FW,,485675
Ivory Coast,CIV,Alban Lafont,23,GK,,403090
Ivory Coast,CIV,Bazoumana Toure,24,FW,,506202
Ivory Coast,CIV,Parfait Guiagon,25,MF,,430834
Ivory Coast,CIV,Christ Inao Oulai,26,MF,,514208
DR Congo,COD,Lionel Mpasi,1,GK,,441313
DR Congo,COD,Aaron Wan-Bissaka,2,DF,,426357
DR Congo,COD,Steve Kapuadi,3,DF,,504329
DR Congo,COD,Axel Tuanzebe,4,DF,,403063
DR Congo,COD,Dylan Batubinsika,5,DF,,477829
DR Congo,COD,Ngalayel Mukau,6,MF,,494458
DR Congo,COD,Nathanael Mbuku,7,MF,,424119
DR Congo,COD,Samuel Moutoussamy,8,MF,,433076
DR Congo,COD,Brian Cipenga,9,FW,,510989
DR Congo,COD,Theo Bongonda,10,MF,,441317
DR Congo,COD,Gael Kakuta,11,FW,,336439
DR Congo,COD,Joris Kayembe,12,DF,,477833
DR Congo,COD,Meschack Elia,13,FW,,426506
DR Congo,COD,Noah Sadiki,14,MF,,486147
DR Congo,COD,Aaron Tshibola,15,MF,,477864
DR Congo,COD,Timothy Fayulu,16,GK,,486196
DR Congo,COD,Cedric Bakambu,17,FW,,336425
DR Congo,COD,Charles Pickel,18,MF,,448128
DR Congo,COD,Fiston Mayele,19,FW,,477859
DR Congo,COD,Yoane Wissa,20,FW,,441316
DR Congo,COD,Matthieu Epolo,21,GK,,514171
DR Congo,COD,Chancel Mbemba,22,DF,,356532
DR Congo,COD,Simon Banza,23,FW,,477835
DR Congo,COD,Gedeon Kalulu,24,DF,,477853
DR Congo,COD,Edo Kayembe,25,MF,,433161
DR Congo,COD,Arthur Masuaku,26,DF,,436572
Colombia,COL,David Ospina,1,GK,,228686
Colombia,COL,Daniel Munoz,2,DF,,431200
Colombia,COL,Jhon Lucumi,3,DF,,441622
Colombia,COL,Santiago Arias,4,DF,,315614
Colombia,COL,Kevin Castano,5,MF,,470759
Colombia,COL,Richard Rios,6,MF,,473050
Colombia,COL,Luis Diaz,7,FW,,428886
Colombia,COL,Jorge Carrascal,8,MF,,425580
Colombia,COL,Jhon Cordoba,9,FW,,369530
Colombia,COL,James Rodriguez,10,MF,,269058
Colombia,COL,Jhon Arias,11,MF,,470760
Colombia,COL,Camilo Vargas,12,GK,,360642
Colombia,COL,Yerry Mina,13,DF,,395552
Colombia,COL,Gustavo Puerta,14,DF,,463902
Colombia,COL,Juan Portilla,15,MF,,489849
Colombia,COL,Jefferson Lerma,16,MF,,395550
Colombia,COL,Johan Mojica,17,DF,,394500
Colombia,COL,Willer Ditta,18,DF,,476345
Colombia,COL,Cucho Hernandez,19,FW,,418881
Colombia,COL,Juan Quintero,20,MF,,356704
Colombia,COL,Jaminton Campaz,21,FW,,405755
Colombia,COL,Deiver Machado,22,DF,,394376
Colombia,COL,Davinson Sanchez,23,DF,,386013
Colombia,COL,Alvaro Montero,24,GK,,385998
Colombia,COL,Luis Suarez,25,FW,,428905
Colombia,COL,Andres Gomez,26,FW,,492189
Cape Verde,CPV,Vozinha,1,GK,,364752
Cape Verde,CPV,Stopira,2,DF,,297266
Cape Verde,CPV,Diney Borges,3,DF,,409241
Cape Verde,CPV,Pico Lopes,4,DF,,477770
Cape Verde,CPV,Logan Costa,5,DF,,477831
Cape Verde,CPV,Kevin Pina,6,MF,,477852
Cape Verde,CPV,Jovane Cabral,7,MF,,477856
Cape Verde,CPV,Joao Paulo,8,MF,,477855
Cape Verde,CPV,Gilson Benchimol,9,FW,,477862
Cape Verde,CPV,Jamiro Monteiro,10,MF,,401894
Cape Verde,CPV,Garry Rodrigues,11,MF,,373344
Cape Verde,CPV,Marcio Rosa,12,GK,,407114
Cape Verde,CPV,Sidny Lopes Cabral,13,DF,,477832
Cape Verde,CPV,Deroy Duarte,14,MF,,477827
Cape Verde,CPV,Laros Duarte,15,MF,,480966
Cape Verde,CPV,Yannick Semedo,16,MF,,494313
Cape Verde,CPV,Willy Semedo,17,MF,,433724
Cape Verde,CPV,Telmo Arcanjo,18,MF,,494314
Cape Verde,CPV,Dailon Livramento,19,FW,,482782
Cape Verde,CPV,Ryan Mendes,20,FW,,355642
Cape Verde,CPV,Nuno Da Costa,21,MF,,401893
Cape Verde,CPV,Steven Moreira,22,DF,,477847
Cape Verde,CPV,Cj Dos Santos,23,GK,,406281
Cape Verde,CPV,Wagner Pina,24,DF,,482783
Cape Verde,CPV,Kelvin Pires,25,DF,,482780
Cape Verde,CPV,Helio Varela,26,MF,,477849
Croatia,CRO,Dominik Livakovic,1,GK,,369029
Croatia,CRO,Josip Stanisic,2,DF,,433667
Croatia,CRO,Marin Pongracic,3,DF,,448174
Croatia,CRO,Josko Gvardiol,4,DF,,448180
Croatia,CRO,Duje Caleta-Car,5,DF,,372424
Croatia,CRO,Josip Sutalo,6,DF,,448171
Croatia,CRO,Nikola Moro,7,MF,,389753
Croatia,CRO,Mateo Kovacic,8,MF,,339987
Croatia,CRO,Andrej Kramaric,9,FW,,336472
Croatia,CRO,Luka Modric,10,MF,,241559
Croatia,CRO,Ante Budimir,11,FW,,430070
Croatia,CRO,Ivor Pandur,12,GK,,514526
Croatia,CRO,Nikola Vlasic,13,MF,,409191
Croatia,CRO,Ivan Perisic,14,FW,,359381
Croatia,CRO,Mario Pasalic,15,MF,,380005
Croatia,CRO,Martin Baturina,16,MF,,482774
Croatia,CRO,Petar Sucic,17,MF,,485066
Croatia,CRO,Kristijan Jakic,18,DF,,448164
Croatia,CRO,Toni Fruk,19,MF,,485065
Croatia,CRO,Igor Matanovic,20,FW,,485068
Croatia,CRO,Luka Sucic,21,MF,,448160
Croatia,CRO,Luka Vuskovic,22,DF,,499290
Croatia,CRO,Dominik Kotarski,23,GK,,448179
Croatia,CRO,Marco Pasalic,24,FW,,482931
Croatia,CRO,Martin Erlic,25,DF,,389740
Croatia,CRO,Petar Musa,26,FW,,389754
Curaçao,CUW,Eloy Room,1,GK,,390650
Curaçao,CUW,Shurandy Sambo,2,DF,,485379
Curaçao,CUW,Jurien Gaari,3,DF,,431698
Curaçao,CUW,Roshon Van Eijma,4,DF,,466361
Curaçao,CUW,Sherel Floranus,5,DF,,466350
Curaçao,CUW,Godfried Roemeratoe,6,MF,,466359
Curaçao,CUW,Juninho Bacuna,7,MF,,466317
Curaçao,CUW,Livano Comenencia,8,MF,,494989
Curaçao,CUW,Juergen Locadia,9,FW,,407680
Curaçao,CUW,Leandro Bacuna,10,MF,,466340
Curaçao,CUW,Jeremy Antonisse,11,FW,,424047
Curaçao,CUW,Sontje Hansen,12,FW,,424056
Curaçao,CUW,Tyrese Noslin,13,FW,,506473
Curaçao,CUW,Kenji Gorre,14,FW,,466352
Curaçao,CUW,Arjany Martha,15,MF,,485324
Curaçao,CUW,Jearl Margaritha,16,FW,,466363
Curaçao,CUW,Brandley Kuwas,17,FW,,466346
Curaçao,CUW,Armando Obispo,18,DF,,511141
Curaçao,CUW,Gervane Kastaneer,19,FW,,466372
Curaçao,CUW,Joshua Brenet,20,DF,,401023
Curaçao,CUW,Tahith Chong,21,MF,,485347
Curaçao,CUW,Kevin Felida,22,MF,,466365
Curaçao,CUW,Riechedly Bazoer,23,DF,,398569
Curaçao,CUW,Deveron Fonville,24,DF,,506471
Curaçao,CUW,Tyrick Bodak,25,GK,,466370
Curaçao,CUW,Trevor Doornbusch,26,GK,,466382
Czech Republic,CZE,Matej Kovar,1,GK,,484012
Czech Republic,CZE,David Zima,2,DF,,433755
Czech Republic,CZE,Tomas Holes,3,DF,,441167
Czech Republic,CZE,Robin Hranac,4,DF,,486080
Czech Republic,CZE,Vladimir Coufal,5,DF,,472908
Czech Republic,CZE,Stepan Chaloupek,6,DF,,514334
Czech Republic,CZE,Ladislav Krejci,7,DF,,441170
Czech Republic,CZE,Vladimir Darida,8,MF,,358003
Czech Republic,CZE,Adam Hlozek,9,FW,,433754
Czech Republic,CZE,Patrik Schick,10,FW,,401481
Czech Republic,CZE,Jan Kuchta,11,FW,,441171
Czech Republic,CZE,Lukas Cerv,12,MF,,486081
Czech Republic,CZE,Mojmir Chytil,13,FW,,484003
Czech Republic,CZE,David Jurasek,14,DF,,483990
Czech Republic,CZE,Pavel Sulc,15,FW,,486082
Czech Republic,CZE,Jindrich Stanek,16,GK,,441162
Czech Republic,CZE,Lukas Provod,17,MF,,484011
Czech Republic,CZE,Michal Sadilek,18,MF,,433668
Czech Republic,CZE,Tomas Chory,19,FW,,483961
Czech Republic,CZE,Jaroslav Zeleny,20,DF,,441166
Czech Republic,CZE,David Doudera,21,DF,,483936
Czech Republic,CZE,Tomas Soucek,22,MF,,404885
Czech Republic,CZE,Lukas Hornicek,23,GK,,511118
Czech Republic,CZE,Alexandr Sojka,24,MF,,523097
Czech Republic,CZE,Hugo Sochurek,25,MF,,506775
Czech Republic,CZE,Denis Visinsky,26,FW,,519985
Ecuador,ECU,Hernan Galindez,1,GK,,441236
Ecuador,ECU,Felix Torres,2,DF,,402979
Ecuador,ECU,Piero Hincapie,3,DF,,424031
Ecuador,ECU,Joel Ordonez,4,DF,,463465
Ecuador,ECU,Jordy Alcivar,5,MF,,419005
Ecuador,ECU,Willian Pacho,6,DF,,448290
Ecuador,ECU,Pervis Estupinan,7,DF,,389782
Ecuador,ECU,Anthony Valencia,8,MF,,448299
Ecuador,ECU,John Yeboah,9,FW,,405920
Ecuador,ECU,Kendry Paez,10,MF,,463495
Ecuador,ECU,Kevin Rodriguez,11,FW,,448310
Ecuador,ECU,Moises Ramirez,12,GK,,419002
Ecuador,ECU,Enner Valencia,13,FW,,373400
Ecuador,ECU,Alan Minda,14,MF,,463468
Ecuador,ECU,Pedro Vite,15,MF,,424036
Ecuador,ECU,Jordy Caicedo,16,FW,,402985
Ecuador,ECU,Angelo Preciado,17,DF,,402974
Ecuador,ECU,Denil Castillo,18,MF,,463476
Ecuador,ECU,Gonzalo Plata,19,FW,,419020
Ecuador,ECU,Nilson Angulo,20,FW,,448312
Ecuador,ECU,Alan Franco,21,MF,,389784
Ecuador,ECU,Gonzalo Valle,22,GK,,448295
Ecuador,ECU,Moises Caicedo,23,MF,,428885
Ecuador,ECU,Jeremy Arevalo,24,FW,,514326
Ecuador,ECU,Jackson Porozo,25,DF,,419003
Ecuador,ECU,Yaimar Medina,26,DF,,463489
Egypt,EGY,Mohamed Elshenawy,1,GK,,408948
Egypt,EGY,Yasser Ibrahim,2,DF,,369267
Egypt,EGY,Mohamed Hany,3,DF,,408950
Egypt,EGY,Hossam Abdelmaguid,4,DF,,483182
Egypt,EGY,Ramy Rabia,5,DF,,344661
Egypt,EGY,Mohamed Abdelmoneim,6,DF,,416902
Egypt,EGY,Trezeguet,7,FW,,363863
Egypt,EGY,Emam Ashour,8,MF,,430482
Egypt,EGY,Hamza Abdelkarim,9,FW,,495488
Egypt,EGY,Mohamed Salah,10,FW,,344654
Egypt,EGY,Mostafa Zico,11,MF,,483161
Egypt,EGY,Haissem Hassan,12,FW,,424106
Egypt,EGY,Ahmed Fatouh,13,DF,,430477
Egypt,EGY,Hamdy Fathy,14,MF,,429095
Egypt,EGY,Karim Hafez,15,DF,,407022
Egypt,EGY,Mahdy Soliman,16,GK,,395860
Egypt,EGY,Mohanad Lashin,17,MF,,433469
Egypt,EGY,Nabil Donga,18,MF,,433466
Egypt,EGY,Marawan Attia,19,MF,,461788
Egypt,EGY,Ibrahim Adel,20,FW,,430465
Egypt,EGY,Mahmoud Saber,21,MF,,483183
Egypt,EGY,Omar Marmoush,22,FW,,430476
Egypt,EGY,Mostafa Shoubir,23,GK,,416906
Egypt,EGY,Tarek Alaa,24,DF,,506124
Egypt,EGY,Zizo,25,FW,,433461
Egypt,EGY,Mohamed Alaa,26,GK,,512079
England,ENG,Jordan Pickford,1,GK,,336022
England,ENG,Ezri Konsa,2,DF,,403049
England,ENG,Nico Oreilly,3,DF,,463780
England,ENG,Declan Rice,4,MF,,433097
England,ENG,John Stones,5,DF,,369434
England,ENG,Marc Guehi,6,DF,,405841
England,ENG,Bukayo Saka,7,FW,,448196
England,ENG,Elliot Anderson,8,MF,,481610
England,ENG,Harry Kane,9,FW,,369419
England,ENG,Jude Bellingham,10,MF,,448202
England,ENG,Marcus Rashford,11,FW,,401470
England,ENG,Tino Livramento,12,DF,,489731
England,ENG,Dean Henderson,13,GK,,403046
England,ENG,Jordan Henderson,14,MF,,356189
England,ENG,Dan Burn,15,DF,,494345
England,ENG,Kobbie Mainoo,16,MF,,482621
England,ENG,Morgan Rogers,17,MF,,492716
England,ENG,Anthony Gordon,18,FW,,448189
England,ENG,Ollie Watkins,19,FW,,448203
England,ENG,Noni Madueke,20,FW,,489732
England,ENG,Eberechi Eze,21,MF,,473113
England,ENG,Ivan Toney,22,FW,,448198
England,ENG,James Trafford,23,GK,,485080
England,ENG,Reece James,24,DF,,439641
England,ENG,Djed Spence,25,DF,,506329
England,ENG,Jarell Quansah,26,DF,,463809
Spain,ESP,David Raya,1,GK,,447853
Spain,ESP,Marc Pubill,2,DF,,484728
Spain,ESP,Alex Grimaldo,3,DF,,391297
Spain,ESP,Eric Garcia,4,DF,,405562
Spain,ESP,Marcos Llorente,5,DF,,382739
Spain,ESP,Mikel Merino,6,MF,,430733
Spain,ESP,Ferran Torres,7,FW,,405545
Spain,ESP,Fabian Ruiz,8,MF,,430718
Spain,ESP,Gavi,9,MF,,447866
Spain,ESP,Dani Olmo,10,FW,,430750
Spain,ESP,Yeremy Pino,11,FW,,423658
Spain,ESP,Pedro Porro,12,DF,,430144
Spain,ESP,Joan Garcia,13,GK,,484691
Spain,ESP,Aymeric Laporte,14,DF,,335999
Spain,ESP,Alex Baena,15,MF,,447860
Spain,ESP,Rodri,16,MF,,411375
Spain,ESP,Nico Williams,17,FW,,447855
Spain,ESP,Martin Zubimendi,18,MF,,430754
Spain,ESP,Lamine Yamal,19,FW,,484320
Spain,ESP,Pedri,20,MF,,423646
Spain,ESP,Mikel Oyarzabal,21,FW,,430751
Spain,ESP,Pau Cubarsi,22,DF,,474973
Spain,ESP,Unai Simon,23,GK,,430753
Spain,ESP,Marc Cucurella,24,DF,,430735
Spain,ESP,Victor Munoz,25,FW,,492859
Spain,ESP,Borja Iglesias,26,FW,,447864
France,FRA,Brice Samba,1,GK,,483471
France,FRA,Malo Gusto,2,DF,,464055
France,FRA,Lucas Digne,3,DF,,368860
France,FRA,Dayot Upamecano,4,DF,,389876
France,FRA,Jules Kounde,5,DF,,430707
France,FRA,Manu Kone,6,MF,,485677
France,FRA,Ousmane Dembele,7,FW,,398680
France,FRA,Aurelien Tchouameni,8,MF,,405893
France,FRA,Marcus Thuram,9,FW,,403109
France,FRA,Kylian Mbappe,10,FW,,389867
France,FRA,Michael Olise,11,FW,,485655
France,FRA,Bradley Barcola,12,FW,,484860
France,FRA,Ngolo Kante,13,MF,,398681
France,FRA,Adrien Rabiot,14,MF,,402047
France,FRA,Ibrahima Konate,15,DF,,419166
France,FRA,Mike Maignan,16,GK,,448332
France,FRA,William Saliba,17,DF,,419177
France,FRA,Warren Zaire-Emery,18,MF,,483549
France,FRA,Theo Hernandez,19,DF,,408042
France,FRA,Desire Doue,20,FW,,464114
France,FRA,Lucas Hernandez,21,DF,,411470
France,FRA,Jean-Philippe Mateta,22,FW,,403094
France,FRA,Robin Risser,23,GK,,464127
France,FRA,Rayan Cherki,24,MF,,431861
France,FRA,Maghnes Akliouche,25,MF,,485666
France,FRA,Maxence Lacroix,26,DF,,405881
Germany,GER,Manuel Neuer,1,GK,,228912
Germany,GER,Antonio Ruediger,2,DF,,379955
Germany,GER,Waldemar Anton,3,DF,,430658
Germany,GER,Jonathan Tah,4,DF,,401378
Germany,GER,Aleksandar Pavlovic,5,MF,,484849
Germany,GER,Joshua Kimmich,6,DF,,386413
Germany,GER,Kai Havertz,7,FW,,411367
Germany,GER,Leon Goretzka,8,MF,,379953
Germany,GER,Jamie Leweling,9,MF,,491218
Germany,GER,Jamal Musiala,10,MF,,429642
Germany,GER,Nick Woltemade,11,FW,,498416
Germany,GER,Oliver Baumann,12,GK,,306538
Germany,GER,Pascal Gross,13,MF,,484848
Germany,GER,Maximilian Beier,14,FW,,484850
Germany,GER,Nico Schlotterbeck,15,DF,,430667
Germany,GER,Angelo Stiller,16,MF,,429640
Germany,GER,Florian Wirtz,17,MF,,430669
Germany,GER,Nathaniel Brown,18,DF,,511015
Germany,GER,Leroy Sane,19,MF,,404353
Germany,GER,Nadiem Amiri,20,MF,,395471
Germany,GER,Alexander Nuebel,21,GK,,429639
Germany,GER,David Raum,22,DF,,430657
Germany,GER,Felix Nmecha,23,MF,,492363
Germany,GER,Malick Thiaw,24,DF,,514188
Germany,GER,Lennart Karl,25,MF,,495889
Germany,GER,Deniz Undav,26,FW,,484851
Ghana,GHA,Lawrence Ati Zigi,1,GK,,386473
Ghana,GHA,Alidu Seidu,2,DF,,448522
Ghana,GHA,Caleb Yirenkyi,3,MF,,506279
Ghana,GHA,Jonas Adjetey,4,DF,,494351
Ghana,GHA,Thomas Partey,5,MF,,369089
Ghana,GHA,Abdul Mumin,6,DF,,441336
Ghana,GHA,Fatawu Issahaku,7,FW,,441342
Ghana,GHA,Kwasi Sibo,8,MF,,507253
Ghana,GHA,Jordan Ayew,9,FW,,353235
Ghana,GHA,Brandon Thomas-Asante,10,FW,,486213
Ghana,GHA,Antoine Semenyo,11,MF,,448531
Ghana,GHA,Joseph Anang,12,GK,,506277
Ghana,GHA,Christopher Bonsu Baah,13,FW,,494350
Ghana,GHA,Gideon Mensah,14,DF,,441333
Ghana,GHA,Elisha Owusu,15,MF,,441341
Ghana,GHA,Benjamin Asare,16,GK,,494349
Ghana,GHA,Baba Rahman,17,DF,,367536
Ghana,GHA,Jerome Opoku,18,DF,,486150
Ghana,GHA,Inaki Williams,19,FW,,411376
Ghana,GHA,Augustine Boakye,20,MF,,523173
Ghana,GHA,Kojo Peprah Oppong,21,DF,,511022
Ghana,GHA,Kamaldeen Sulemana,22,FW,,448523
Ghana,GHA,Derrick Luckassen,23,DF,,520037
Ghana,GHA,Ernest Nuamah,24,FW,,448525
Ghana,GHA,Prince Adu,25,FW,,514401
Ghana,GHA,Marvin Senaya,26,DF,,520039
Haiti,HAI,Johny Placide,1,GK,,295922
Haiti,HAI,Carlens Arcus,2,DF,,397775
Haiti,HAI,Keeto Thermoncy,3,DF,,506481
Haiti,HAI,Ricardo Ade,4,DF,,275917
Haiti,HAI,Hannes Delcroix,5,DF,,448363
Haiti,HAI,Carl Sainte,6,MF,,424556
Haiti,HAI,Derrick Etienne,7,FW,,466865
Haiti,HAI,Martin Experience,8,DF,,489300
Haiti,HAI,Duckens Nazon,9,FW,,394993
Haiti,HAI,Jean-Ricner Bellegarde,10,MF,,430697
Haiti,HAI,Louicius Deedson,11,FW,,481027
Haiti,HAI,Alexandre Pierre,12,GK,,466835
Haiti,HAI,Markhus Lacroix,13,DF,,466844
Haiti,HAI,Leverton Pierre,14,MF,,467940
Haiti,HAI,Ruben Providence,15,FW,,485664
Haiti,HAI,Lenny Joseph,16,FW,,485676
Haiti,HAI,Danley Jean Jacques,17,MF,,466838
Haiti,HAI,Wilson Isidor,18,FW,,405879
Haiti,HAI,Yassin Fortune,19,FW,,506483
Haiti,HAI,Frantzdy Pierrot,20,FW,,431693
Haiti,HAI,Josue Casimir,21,FW,,510757
Haiti,HAI,Jean-Kevin Duverne,22,DF,,431781
Haiti,HAI,Josue Duverger,23,GK,,466853
Haiti,HAI,Wilguens Paugain,24,DF,,498439
Haiti,HAI,Dominique Simon,25,MF,,523215
Haiti,HAI,Woodensky Pierre,26,MF,,485409
Iran,IRN,Alireza Beiranvand,1,GK,,380007
Iran,IRN,Saleh Hardani,2,DF,,448505
Iran,IRN,Ehsan Hajisafi,3,DF,,288961
Iran,IRN,Shoja Khalilzadeh,4,DF,,346743
Iran,IRN,Milad Mohammadi,5,DF,,390537
Iran,IRN,Saeid Ezatolahi,6,MF,,371736
Iran,IRN,Alireza Jahanbakhsh,7,MF,,379886
Iran,IRN,Mohammad Mohebbi,8,MF,,448497
Iran,IRN,Mehdi Taremi,9,FW,,388475
Iran,IRN,Mehdi Ghayedi,10,FW,,403236
Iran,IRN,Ali Alipour,11,FW,,416989
Iran,IRN,Payam Niazmand,12,GK,,448507
Iran,IRN,Hossein Kanani,13,DF,,390534
Iran,IRN,Saman Ghoddos,14,MF,,411644
Iran,IRN,Roozbeh Cheshmi,15,MF,,406595
Iran,IRN,Mehdi Torabi,16,MF,,390535
Iran,IRN,Arya Yousefi,17,DF,,481181
Iran,IRN,Amirhossein Hosseinzadeh,18,FW,,405639
Iran,IRN,Ali Nemati,19,DF,,489603
Iran,IRN,Shahriyar Moghanloo,20,FW,,481180
Iran,IRN,Mohammad Ghorbani,21,MF,,482670
Iran,IRN,Hossein Hosseini,22,GK,,314255
Iran,IRN,Ramin Rezaeian,23,DF,,384797
Iran,IRN,Dennis Dargahi,24,FW,,519837
Iran,IRN,Danial Iri,25,DF,,494429
Iran,IRN,Amirmohammad Razaghinia,26,MF,,475921
Iraq,IRQ,Fahad Talib,1,GK,,368744
Iraq,IRQ,Rebin Ghareeb,2,DF,,396158
Iraq,IRQ,Hussein Ali,3,DF,,479553
Iraq,IRQ,Zaid Tahseen,4,DF,,434025
Iraq,IRQ,Akam Hashim,5,DF,,481183
Iraq,IRQ,Munaf Younus,6,DF,,434024
Iraq,IRQ,Youssef Amyn,7,MF,,464458
Iraq,IRQ,Ibrahim Bayesh,8,MF,,433585
Iraq,IRQ,Ali Alhamadi,9,FW,,436628
Iraq,IRQ,Mohanad Ali,10,FW,,422968
Iraq,IRQ,Ahmed Qasim,11,FW,,523236
Iraq,IRQ,Jalal Hassan,12,GK,,347085
Iraq,IRQ,Ali Yousif,13,FW,,434029
Iraq,IRQ,Zidane Iqbal,14,MF,,434026
Iraq,IRQ,Ahmed Yahya,15,DF,,479039
Iraq,IRQ,Amir Alammari,16,MF,,433074
Iraq,IRQ,Ali Jasim,17,FW,,464457
Iraq,IRQ,Aymen Hussein,18,FW,,395186
Iraq,IRQ,Kevin Yakob,19,MF,,506069
Iraq,IRQ,Aimar Sher,20,MF,,493983
Iraq,IRQ,Marko Farji,21,FW,,484262
Iraq,IRQ,Ahmed Basil,22,GK,,433571
Iraq,IRQ,Merchas Doski,23,DF,,479072
Iraq,IRQ,Zaid Ismael,24,MF,,484270
Iraq,IRQ,Mustafa Saadoon,25,DF,,479056
Iraq,IRQ,Frans Putros,26,DF,,436863
Jordan,JOR,Yazeed Abulaila,1,GK,,397894
Jordan,JOR,Mohammad Abuhasheesh,2,DF,,433526
Jordan,JOR,Abdallah Nasib,3,DF,,433527
Jordan,JOR,Husam Abudahab,4,DF,,489550
Jordan,JOR,Yazan Alarab,5,DF,,431225
Jordan,JOR,Amer Jamous,6,MF,,491167
Jordan,JOR,Mohammad Abuzraiq,7,FW,,431208
Jordan,JOR,Noor Alrawabdeh,8,MF,,431230
Jordan,JOR,Ali Olwan,9,FW,,431212
Jordan,JOR,Mousa Altamari,10,FW,,431211
Jordan,JOR,Odeh Fakhoury,11,FW,,511875
Jordan,JOR,Nour Baniateyah,12,GK,,483127
Jordan,JOR,Mahmoud Almardi,13,FW,,396950
Jordan,JOR,Rajaei Ayed,14,MF,,384850
Jordan,JOR,Ibrahim Sadeh,15,MF,,431209
Jordan,JOR,Mohammad Abualnadi,16,DF,,489551
Jordan,JOR,Saleem Obaid,17,DF,,499102
Jordan,JOR,Ibrahim Sabra,18,FW,,491169
Jordan,JOR,Saed Alrosan,19,DF,,431219
Jordan,JOR,Mohannad Abutaha,20,MF,,479389
Jordan,JOR,Nizar Alrashdan,21,MF,,433534
Jordan,JOR,Abdallah Alfakhori,22,GK,,431223
Jordan,JOR,Ehsan Haddad,23,DF,,389437
Jordan,JOR,Ali Azaizeh,24,FW,,498514
Jordan,JOR,Mohammad Aldaoud,25,MF,,45191
Jordan,JOR,Anas Badawi,26,DF,,511889
Japan,JPN,Zion Suzuki,1,GK,,405530
Japan,JPN,Yukinari Sugawara,2,DF,,405528
Japan,JPN,Shogo Taniguchi,3,DF,,390541
Japan,JPN,Kou Itakura,4,DF,,400511
Japan,JPN,Yuto Nagatomo,5,DF,,291372
Japan,JPN,Wataru Endo,6,MF,,395318
Japan,JPN,Ao Tanaka,7,MF,,400514
Japan,JPN,Takefusa Kubo,8,MF,,403304
Japan,JPN,Keisuke Goto,9,FW,,464339
Japan,JPN,Ritsu Doan,10,MF,,391646
Japan,JPN,Daizen Maeda,11,MF,,430407
Japan,JPN,Keisuke Osako,12,GK,,403305
Japan,JPN,Keito Nakamura,13,MF,,405522
Japan,JPN,Junya Ito,14,MF,,395321
Japan,JPN,Daichi Kamada,15,MF,,448557
Japan,JPN,Tsuyoshi Watanabe,16,DF,,430401
Japan,JPN,Yuito Suzuki,17,MF,,485503
Japan,JPN,Ayase Ueda,18,FW,,430413
Japan,JPN,Koki Ogawa,19,FW,,403293
Japan,JPN,Ayumu Seko,20,DF,,405527
Japan,JPN,Hiroki Ito,21,DF,,403274
Japan,JPN,Takehiro Tomiyasu,22,DF,,403289
Japan,JPN,Tomoki Hayakawa,23,GK,,511710
Japan,JPN,Kaishu Sano,24,MF,,479294
Japan,JPN,Junnosuke Suzuki,25,DF,,498455
Japan,JPN,Kento Shiogai,26,FW,,520218
South Korea,KOR,Kim Seunggyu,1,GK,,274281
South Korea,KOR,Lee Hanbeom,2,DF,,423874
South Korea,KOR,Lee Gihyuk,3,MF,,492315
South Korea,KOR,Kim Minjae,4,DF,,395088
South Korea,KOR,Kim Taehyeon,5,DF,,418485
South Korea,KOR,Hwang Inbeom,6,MF,,395084
South Korea,KOR,Son Heungmin,7,FW,,307849
South Korea,KOR,Paik Seungho,8,MF,,402817
South Korea,KOR,Cho Guesung,9,FW,,430387
South Korea,KOR,Lee Jaesung,10,MF,,390525
South Korea,KOR,Hwang Heechan,11,MF,,395083
South Korea,KOR,Song Bumkeun,12,GK,,402820
South Korea,KOR,Lee Taeseok,13,DF,,423880
South Korea,KOR,Cho Wije,14,DF,,522282
South Korea,KOR,Kim Moonhwan,15,DF,,448580
South Korea,KOR,Park Jinseob,16,DF,,479316
South Korea,KOR,Bae Junho,17,MF,,464374
South Korea,KOR,Oh Hyeongyu,18,FW,,448586
South Korea,KOR,Lee Kangin,19,MF,,418490
South Korea,KOR,Yang Hyunjun,20,MF,,448585
South Korea,KOR,Jo Hyeonwoo,21,GK,,397753
South Korea,KOR,Seol Youngwoo,22,DF,,429608
South Korea,KOR,Castrop Jens,23,DF,,511828
South Korea,KOR,Kim Jingyu,24,MF,,430385
South Korea,KOR,Eom Jisung,25,MF,,423855
South Korea,KOR,Lee Donggyeong,26,MF,,429600
Saudi Arabia,KSA,Nawaf Alaqidi,1,GK,,419287
Saudi Arabia,KSA,Ali Majrashi,2,DF,,419326
Saudi Arabia,KSA,Ali Lajami,3,DF,,433439
Saudi Arabia,KSA,Abdulelah Alamri,4,DF,,403312
Saudi Arabia,KSA,Hassan Altambakti,5,DF,,403335
Saudi Arabia,KSA,Nasser Aldawsari,6,MF,,403319
Saudi Arabia,KSA,Musab Aljuwayr,7,MF,,436537
Saudi Arabia,KSA,Aiman Yahya,8,FW,,430512
Saudi Arabia,KSA,Feras Albrikan,9,FW,,419291
Saudi Arabia,KSA,Salem Aldawsari,10,FW,,339745
Saudi Arabia,KSA,Saleh Alshehri,11,FW,,425804
Saudi Arabia,KSA,Saud Abdulhamid,12,DF,,419281
Saudi Arabia,KSA,Nawaf Bu Washl,13,DF,,430518
Saudi Arabia,KSA,Hassan Kadish,14,DF,,401924
Saudi Arabia,KSA,Abdullah Alkhaibari,15,MF,,411624
Saudi Arabia,KSA,Ziyad Aljohani,16,MF,,436538
Saudi Arabia,KSA,Khalid Alghannam,17,FW,,419300
Saudi Arabia,KSA,Ala Alhajji,18,MF,,523333
Saudi Arabia,KSA,Abdullah Alhamddan,19,FW,,419302
Saudi Arabia,KSA,Sultan Mandash,20,FW,,494800
Saudi Arabia,KSA,Mohammed Alowais,21,GK,,396885
Saudi Arabia,KSA,Ahmed Alkassar,22,GK,,339746
Saudi Arabia,KSA,Mohamed Kanno,23,MF,,407993
Saudi Arabia,KSA,Moteb Alharbi,24,DF,,419303
Saudi Arabia,KSA,Jehad Thikri,25,DF,,494506
Saudi Arabia,KSA,Mohammed Abu Alshamat,26,DF,,512183
Morocco,MAR,Yassine Bounou,1,GK,,356956
Morocco,MAR,Achraf Hakimi,2,DF,,400721
Morocco,MAR,Noussair Mazraoui,3,DF,,411680
Morocco,MAR,Sofyan Amrabat,4,MF,,372266
Morocco,MAR,Nayef Aguerd,5,DF,,441304
Morocco,MAR,Ayyoub Bouaddi,6,MF,,485760
Morocco,MAR,Chemsdine Talbi,7,MF,,494293
Morocco,MAR,Azzedine Ounahi,8,MF,,441307
Morocco,MAR,Soufiane Rahimi,9,FW,,433426
Morocco,MAR,Brahim Diaz,10,FW,,430740
Morocco,MAR,Ismael Saibari,11,MF,,448598
Morocco,MAR,Munir El Kajoui,12,GK,,395755
Morocco,MAR,Zakaria El Ouahdi,13,DF,,485756
Morocco,MAR,Issa Diop,14,DF,,403083
Morocco,MAR,Samir El Mourabet,15,MF,,505097
Morocco,MAR,Gessime Yassine,16,MF,,505112
Morocco,MAR,Abde Ezzalzouli,17,FW,,441310
Morocco,MAR,Chadi Riad,18,DF,,448607
Morocco,MAR,Youssef Belammari,19,DF,,494742
Morocco,MAR,Ayoub El Kaabi,20,FW,,411678
Morocco,MAR,Ayoube Amaimouni,21,FW,,523288
Morocco,MAR,Ahmed Reda Tagnaouti,22,GK,,371553
Morocco,MAR,Bilal El Khannouss,23,MF,,448612
Morocco,MAR,Neil El Aynaoui,24,MF,,485740
Morocco,MAR,Redouane Halhal,25,DF,,485767
Morocco,MAR,Anass Salah Eddine,26,DF,,424071
Mexico,MEX,Raul Rangel,1,GK,,485070
Mexico,MEX,Jorge Sanchez,2,DF,,403596
Mexico,MEX,Cesar Montes,3,DF,,395516
Mexico,MEX,Edson Alvarez,4,DF,,400634
Mexico,MEX,Johan Vasquez,5,DF,,425701
Mexico,MEX,Erik Lira,6,MF,,419518
Mexico,MEX,Luis Romo,7,MF,,430763
Mexico,MEX,Alvaro Fidalgo,8,MF,,416576
Mexico,MEX,Raul Jimenez,9,FW,,356731
Mexico,MEX,Alexis Vega,10,FW,,430766
Mexico,MEX,Santiago Gimenez,11,FW,,430759
Mexico,MEX,Carlos Acevedo,12,GK,,441260
Mexico,MEX,Guillermo Ochoa,13,GK,,215285
Mexico,MEX,Armando Gonzalez,14,FW,,514336
Mexico,MEX,Israel Reyes,15,DF,,441261
Mexico,MEX,Julian Quinones,16,FW,,429157
Mexico,MEX,Orbelin Pineda,17,MF,,372090
Mexico,MEX,Obed Vargas,18,MF,,461177
Mexico,MEX,Gilberto Mora,19,MF,,500037
Mexico,MEX,Mateo Chavez,20,DF,,500038
Mexico,MEX,Cesar Huerta,21,FW,,406135
Mexico,MEX,Guillermo Martinez,22,FW,,386339
Mexico,MEX,Jesus Gallardo,23,DF,,402772
Mexico,MEX,Luis Chavez,24,MF,,448051
Mexico,MEX,Roberto Alvarado,25,FW,,403585
Mexico,MEX,Brian Gutierrez,26,MF,,464533
Netherlands,NED,Bart Verbruggen,1,GK,,424081
Netherlands,NED,Jurrien Timber,2,DF,,448158
Netherlands,NED,Marten De Roon,3,MF,,402044
Netherlands,NED,Virgil Van Dijk,4,DF,,397786
Netherlands,NED,Nathan Ake,5,DF,,336088
Netherlands,NED,Jan Paul Van Hecke,6,DF,,489517
Netherlands,NED,Justin Kluivert,7,MF,,478364
Netherlands,NED,Ryan Gravenberch,8,MF,,430176
Netherlands,NED,Wout Weghorst,9,FW,,448159
Netherlands,NED,Memphis Depay,10,FW,,336098
Netherlands,NED,Cody Gakpo,11,FW,,448152
Netherlands,NED,Mats Wieffer,12,DF,,483481
Netherlands,NED,Robin Roefs,13,GK,,506028
Netherlands,NED,Tijjani Reijnders,14,MF,,483526
Netherlands,NED,Micky Van De Ven,15,DF,,448140
Netherlands,NED,Guus Til,16,MF,,448157
Netherlands,NED,Noa Lang,17,FW,,448153
Netherlands,NED,Donyell Malen,18,FW,,433066
Netherlands,NED,Brian Brobbey,19,FW,,424051
Netherlands,NED,Teun Koopmeiners,20,MF,,448149
Netherlands,NED,Frenkie De Jong,21,MF,,422657
Netherlands,NED,Denzel Dumfries,22,DF,,436612
Netherlands,NED,Mark Flekken,23,GK,,448151
Netherlands,NED,Crysencio Summerville,24,FW,,489518
Netherlands,NED,Jorrel Hato,25,DF,,483512
Netherlands,NED,Quinten Timber,26,MF,,484859
Norway,NOR,Orjan Nyland,1,GK,,373235
Norway,NOR,Morten Thorsby,2,MF,,433067
Norway,NOR,Kristoffer Ajer,3,DF,,483516
Norway,NOR,Leo Ostigard,4,DF,,419672
Norway,NOR,David Moller Wolfe,5,DF,,483505
Norway,NOR,Patrick Berg,6,MF,,483442
Norway,NOR,Alexander Sorloth,7,FW,,398588
Norway,NOR,Sander Berge,8,MF,,404645
Norway,NOR,Erling Haaland,9,FW,,419652
Norway,NOR,Martin Odegaard,10,MF,,400716
Norway,NOR,Jorgen Strand Larsen,11,FW,,419662
Norway,NOR,Sander Tangvik,12,GK,,514479
Norway,NOR,Egil Selvik,13,GK,,483535
Norway,NOR,Fredrik Aursnes,14,MF,,483497
Norway,NOR,Fredrik Andre Bjorkan,15,DF,,483530
Norway,NOR,Marcus Holmgren Pedersen,16,DF,,494625
Norway,NOR,Torbjorn Heggem,17,DF,,491244
Norway,NOR,Kristian Thorstvedt,18,MF,,419681
Norway,NOR,Thelo Aasgaard,19,MF,,494627
Norway,NOR,Antonio Nusa,20,FW,,483448
Norway,NOR,Andreas Schjelderup,21,MF,,494626
Norway,NOR,Oscar Bobb,22,MF,,477470
Norway,NOR,Jens Petter Hauge,23,MF,,419654
Norway,NOR,Sondre Langas,24,DF,,489696
Norway,NOR,Henrik Falchener,25,DF,,520112
Norway,NOR,Julian Ryerson,26,FW,,483496
New Zealand,NZL,Max Crocombe,1,GK,,368535
New Zealand,NZL,Tim Payne,2,DF,,331463
New Zealand,NZL,Francis De Vries,3,DF,,440748
New Zealand,NZL,Tyler Bindon,4,DF,,482775
New Zealand,NZL,Michael Boxall,5,DF,,261367
New Zealand,NZL,Joe Bell,6,MF,,390181
New Zealand,NZL,Matthew Garbett,7,MF,,423596
New Zealand,NZL,Marko Stamenic,8,MF,,423595
New Zealand,NZL,Chris Wood,9,FW,,274078
New Zealand,NZL,Sarpreet Singh,10,MF,,390209
New Zealand,NZL,Elijah Just,11,MF,,405454
New Zealand,NZL,Alex Paulsen,12,GK,,423574
New Zealand,NZL,Liberato Cacace,13,DF,,405469
New Zealand,NZL,Alex Rufer,14,MF,,371142
New Zealand,NZL,Nando Pijnaker,15,DF,,419572
New Zealand,NZL,Finn Surman,16,DF,,463580
New Zealand,NZL,Kosta Barbarouses,17,FW,,269592
New Zealand,NZL,Ben Waine,18,FW,,419577
New Zealand,NZL,Ben Old,19,MF,,423575
New Zealand,NZL,Callum Mccowatt,20,MF,,390196
New Zealand,NZL,Jesse Randall,21,FW,,416652
New Zealand,NZL,Michael Woud,22,GK,,390218
New Zealand,NZL,Ryan Thomas,23,MF,,336641
New Zealand,NZL,Callan Elliot,24,DF,,419567
New Zealand,NZL,Lachlan Bayliss,25,MF,,484817
New Zealand,NZL,Tommy Smith,26,DF,,274102
Panama,PAN,Luis Mejia,1,GK,,267702
Panama,PAN,Cesar Blackman,2,DF,,441242
Panama,PAN,Jose Cordoba,3,DF,,418715
Panama,PAN,Fidel Escobar,4,DF,,385030
Panama,PAN,Edgardo Farina,5,DF,,480313
Panama,PAN,Cristian Martinez,6,MF,,395581
Panama,PAN,Jose Luis Rodriguez,7,MF,,411176
Panama,PAN,Adalberto Carrasquilla,8,MF,,385833
Panama,PAN,Tomas Rodriguez,9,FW,,418747
Panama,PAN,Ismael Diaz,10,MF,,372342
Panama,PAN,Edgar Yoel Barcenas,11,MF,,400416
Panama,PAN,Cesar Samudio,12,GK,,441402
Panama,PAN,Jiovany Ramos,13,DF,,480310
Panama,PAN,Carlos Harvey,14,DF,,418729
Panama,PAN,Eric Davis,15,DF,,337232
Panama,PAN,Andres Andrade,16,DF,,441240
Panama,PAN,Jose Fajardo,17,FW,,411174
Panama,PAN,Cecilio Waterman,18,FW,,337251
Panama,PAN,Alberto Quintero,19,MF,,271116
Panama,PAN,Anibal Godoy,20,MF,,269514
Panama,PAN,Cesar Yanis,21,MF,,441243
Panama,PAN,Orlando Mosquera,22,GK,,441241
Panama,PAN,Amir Murillo,23,DF,,385031
Panama,PAN,Azarias Londono,24,FW,,466669
Panama,PAN,Roderick Miller,25,DF,,344582
Panama,PAN,Jorge Gutierrez,26,DF,,441239
Paraguay,PAR,Gatito Fernandez,1,GK,,318647
Paraguay,PAR,Gustavo Velazquez,2,DF,,486875
Paraguay,PAR,Omar Alderete,3,DF,,431202
Paraguay,PAR,Juan Jose Caceres,4,DF,,479601
Paraguay,PAR,Fabian Balbuena,5,DF,,394829
Paraguay,PAR,Junior Alonso,6,DF,,369749
Paraguay,PAR,Ramon Sosa,7,MF,,463125
Paraguay,PAR,Diego Gomez,8,MF,,463128
Paraguay,PAR,Antonio Sanabria,9,FW,,369768
Paraguay,PAR,Miguel Almiron,10,MF,,369761
Paraguay,PAR,Mauricio,11,MF,,495046
Paraguay,PAR,Orlando Gill,12,GK,,494531
Paraguay,PAR,Jose Canale,13,DF,,520066
Paraguay,PAR,Andres Cubas,14,MF,,385306
Paraguay,PAR,Gustavo Gomez,15,DF,,369744
Paraguay,PAR,Damian Bobadilla,16,MF,,476348
Paraguay,PAR,Alejandro Romero Gamarra,17,FW,,386458
Paraguay,PAR,Alex Arce,18,FW,,485802
Paraguay,PAR,Julio Enciso,19,FW,,441234
Paraguay,PAR,Braian Ojeda,20,MF,,406205
Paraguay,PAR,Gabriel Avalos,21,FW,,463127
Paraguay,PAR,Gaston Olveira,22,GK,,447991
Paraguay,PAR,Matias Galarza,23,MF,,424422
Paraguay,PAR,Gustavo Caballero,24,MF,,485804
Paraguay,PAR,Isidro Pitta,25,FW,,489417
Paraguay,PAR,Alexandro Maidana,26,DF,,505495
Portugal,POR,Diogo Costa,1,GK,,403001
Portugal,POR,Nelson Semedo,2,DF,,395212
Portugal,POR,Ruben Dias,3,DF,,384752
Portugal,POR,Tomas Araujo,4,DF,,492358
Portugal,POR,Diogo Dalot,5,DF,,403002
Portugal,POR,Matheus Nunes,6,MF,,441148
Portugal,POR,Cristiano Ronaldo,7,FW,,201200
Portugal,POR,Bruno Fernandes,8,MF,,395206
Portugal,POR,Goncalo Ramos,9,FW,,448081
Portugal,POR,Bernardo Silva,10,MF,,395205
Portugal,POR,Joao Felix,11,FW,,418535
Portugal,POR,Jose Sa,12,GK,,368689
Portugal,POR,Renato Veiga,13,DF,,489704
Portugal,POR,Goncalo Inacio,14,DF,,441146
Portugal,POR,Joao Neves,15,MF,,484141
Portugal,POR,Francisco Trincao,16,FW,,418561
Portugal,POR,Rafael Leao,17,FW,,418550
Portugal,POR,Pedro Neto,18,FW,,418548
Portugal,POR,Goncalo Guedes,19,FW,,384751
Portugal,POR,Joao Cancelo,20,DF,,368649
Portugal,POR,Ruben Neves,21,MF,,395216
Portugal,POR,Rui Silva,22,GK,,448092
Portugal,POR,Vitinha,23,MF,,441149
Portugal,POR,Samu Costa,24,DF,,491216
Portugal,POR,Nuno Mendes,25,DF,,433195
Portugal,POR,Francisco Conceicao,26,FW,,485081
Qatar,QAT,Mahmoud Abunada,1,GK,,419459
Qatar,QAT,Pedro Miguel,2,DF,,416051
Qatar,QAT,Lucas Mendes,3,DF,,356673
Qatar,QAT,Issa Laye,4,DF,,512791
Qatar,QAT,Jassem Gaber,5,DF,,419473
Qatar,QAT,Abdulaziz Hatem,6,MF,,345059
Qatar,QAT,Ahmed Alaaeldin,7,FW,,353251
Qatar,QAT,Edmilson Junior,8,FW,,429063
Qatar,QAT,Mohammed Muntari,9,FW,,385070
Qatar,QAT,Hassan Alhaydos,10,FW,,284190
Qatar,QAT,Akram Afif,11,FW,,386347
Qatar,QAT,Karim Boudiaf,12,MF,,354861
Qatar,QAT,Ayoub Aloui,13,DF,,510991
Qatar,QAT,Homam Ahmed,14,DF,,419441
Qatar,QAT,Yusuf Abdurisag,15,FW,,419463
Qatar,QAT,Boualem Khoukhi,16,DF,,385067
Qatar,QAT,Ahmed Alganehi,17,MF,,419436
Qatar,QAT,Sultan Albrake,18,DF,,386387
Qatar,QAT,Almoez Ali,19,FW,,386366
Qatar,QAT,Ahmed Fathy,20,MF,,433394
Qatar,QAT,Salah Zakaria,21,GK,,419461
Qatar,QAT,Meshaal Barsham,22,GK,,416056
Qatar,QAT,Assim Madibo,23,MF,,386348
Qatar,QAT,Tahsin Jamshid,24,FW,,486639
Qatar,QAT,Alhashmi Alhussein,25,DF,,486614
Qatar,QAT,Mohamed Manai,26,FW,,498458
South Africa,RSA,Ronwen Williams,1,GK,,395986
South Africa,RSA,Thabang Matuludi,2,DF,,510850
South Africa,RSA,Khulumani Ndamane,3,DF,,504192
South Africa,RSA,Teboho Mokoena,4,MF,,403616
South Africa,RSA,Thalente Mbatha,5,MF,,494248
South Africa,RSA,Aubrey Modiba,6,DF,,395050
South Africa,RSA,Oswin Appollis,7,FW,,419223
South Africa,RSA,Tshepang Moremi,8,FW,,504193
South Africa,RSA,Lyle Foster,9,FW,,419211
South Africa,RSA,Relebohile Mofokeng,10,FW,,486161
South Africa,RSA,Themba Zwane,11,MF,,395984
South Africa,RSA,Thapelo Maseko,12,FW,,463234
South Africa,RSA,Sphephelo Sithole,13,MF,,390475
South Africa,RSA,Mbekezeli Mbokazi,14,DF,,504199
South Africa,RSA,Iqraam Rayners,15,FW,,481242
South Africa,RSA,Sipho Chaine,16,GK,,494246
South Africa,RSA,Evidence Makgopa,17,FW,,430917
South Africa,RSA,Samukele Kabini,18,DF,,504200
South Africa,RSA,Nkosinathi Sibisi,19,DF,,463221
South Africa,RSA,Khuliso Mudau,20,DF,,463218
South Africa,RSA,Ime Okon,21,DF,,506039
South Africa,RSA,Ricardo Goss,22,GK,,395059
South Africa,RSA,Jayden Adams,23,MF,,463236
South Africa,RSA,Olwethu Makhanya,24,DF,,502245
South Africa,RSA,Kamogelo Sebelebele,25,FW,,506038
South Africa,RSA,Bradley Cross,26,DF,,419225
Scotland,SCO,Angus Gunn,1,GK,,411301
Scotland,SCO,Aaron Hickey,2,DF,,442428
Scotland,SCO,Andy Robertson,3,DF,,401339
Scotland,SCO,Scott Mctominay,4,MF,,433787
Scotland,SCO,Grant Hanley,5,DF,,359634
Scotland,SCO,Kieran Tierney,6,DF,,401712
Scotland,SCO,John Mcginn,7,MF,,401334
Scotland,SCO,Tyler Fletcher,8,MF,,523007
Scotland,SCO,Lyndon Dykes,9,FW,,430098
Scotland,SCO,Che Adams,10,FW,,433191
Scotland,SCO,Ryan Christie,11,MF,,430097
Scotland,SCO,Liam Kelly,12,GK,,442429
Scotland,SCO,Jack Hendry,13,DF,,430147
Scotland,SCO,Ross Stewart,14,FW,,442433
Scotland,SCO,John Souttar,15,DF,,442430
Scotland,SCO,Dominic Hyam,16,DF,,484073
Scotland,SCO,Ben Gannon-Doak,17,FW,,485131
Scotland,SCO,George Hirst,18,FW,,495431
Scotland,SCO,Lewis Ferguson,19,MF,,442434
Scotland,SCO,Lawrence Shankland,20,FW,,484045
Scotland,SCO,Craig Gordon,21,GK,,215553
Scotland,SCO,Nathan Patterson,22,DF,,433694
Scotland,SCO,Kenny Mclean,23,MF,,484051
Scotland,SCO,Anthony Ralston,24,DF,,337389
Scotland,SCO,Findlay Curtis,25,FW,,520217
Scotland,SCO,Scott Mckenna,26,DF,,442431
Senegal,SEN,Yehvann Diouf,1,GK,,494277
Senegal,SEN,Mamadou Sarr,2,DF,,499800
Senegal,SEN,Kalidou Koulibaly,3,DF,,339820
Senegal,SEN,Abdoulaye Seck,4,DF,,370171
Senegal,SEN,Idrissa Gana Gueye,5,MF,,332314
Senegal,SEN,Pathe Ciss,6,MF,,448825
Senegal,SEN,Assane Diao,7,FW,,484698
Senegal,SEN,Lamine Camara,8,MF,,464842
Senegal,SEN,Bamba Dieng,9,FW,,418781
Senegal,SEN,Sadio Mane,10,FW,,353790
Senegal,SEN,Nicolas Jackson,11,FW,,418795
Senegal,SEN,Cherif Ndiaye,12,FW,,486168
Senegal,SEN,Iliman Ndiaye,13,FW,,448815
Senegal,SEN,Ismail Jakobs,14,DF,,430671
Senegal,SEN,Krepin Diatta,15,DF,,403642
Senegal,SEN,Edouard Mendy,16,GK,,433806
Senegal,SEN,Pape Matar Sarr,17,MF,,418798
Senegal,SEN,Ismaila Sarr,18,FW,,401889
Senegal,SEN,Moussa Niakhate,19,DF,,430690
Senegal,SEN,Ibrahim Mbaye,20,FW,,496358
Senegal,SEN,Habib Diarra,21,MF,,486130
Senegal,SEN,Bara Sapoko Ndiaye,22,MF,,523354
Senegal,SEN,Mory Diaw,23,GK,,448821
Senegal,SEN,Antoine Mendy,24,DF,,494279
Senegal,SEN,El Hadji Malick Diouf,25,DF,,464865
Senegal,SEN,Pape Gueye,26,MF,,431788
Switzerland,SUI,Gregor Kobel,1,GK,,448107
Switzerland,SUI,Miro Muheim,2,DF,,493221
Switzerland,SUI,Silvan Widmer,3,DF,,356412
Switzerland,SUI,Nico Elvedi,4,DF,,398509
Switzerland,SUI,Manuel Akanji,5,DF,,405178
Switzerland,SUI,Denis Zakaria,6,MF,,401448
Switzerland,SUI,Breel Embolo,7,FW,,393480
Switzerland,SUI,Remo Freuler,8,MF,,402021
Switzerland,SUI,Johan Manzambi,9,MF,,502727
Switzerland,SUI,Granit Xhaka,10,MF,,311558
Switzerland,SUI,Dan Ndoye,11,FW,,448114
Switzerland,SUI,Yvon Mvogo,12,GK,,402022
Switzerland,SUI,Ricardo Rodriguez,13,DF,,313559
Switzerland,SUI,Ardon Jashari,14,MF,,448120
Switzerland,SUI,Djibril Sow,15,MF,,411226
Switzerland,SUI,Christian Fassnacht,16,FW,,448124
Switzerland,SUI,Ruben Vargas,17,FW,,448131
Switzerland,SUI,Eray Coemert,18,DF,,448136
Switzerland,SUI,Noah Okafor,19,FW,,448127
Switzerland,SUI,Michel Aebischer,20,MF,,433147
Switzerland,SUI,Marvin Keller,21,GK,,484862
Switzerland,SUI,Fabian Rieder,22,MF,,448103
Switzerland,SUI,Zeki Amdouni,23,FW,,448112
Switzerland,SUI,Aurele Amenda,24,DF,,484864
Switzerland,SUI,Luca Jaquez,25,DF,,510908
Switzerland,SUI,Cedric Itten,26,FW,,448104
Sweden,SWE,Jacob Widell Zetterstrom,1,GK,,489685
Sweden,SWE,Gustaf Lagerbielke,2,DF,,483304
Sweden,SWE,Victor Lindelof,3,DF,,395283
Sweden,SWE,Isak Hien,4,DF,,483312
Sweden,SWE,Gabriel Gudmundsson,5,DF,,483276
Sweden,SWE,Herman Johansson,6,DF,,514639
Sweden,SWE,Lucas Bergvall,7,MF,,489689
Sweden,SWE,Daniel Svensson,8,DF,,491255
Sweden,SWE,Alexander Isak,9,FW,,430150
Sweden,SWE,Benjamin Nygren,10,MF,,502946
Sweden,SWE,Anthony Elanga,11,FW,,441137
Sweden,SWE,Viktor Johansson,12,GK,,483264
Sweden,SWE,Ken Sema,13,MF,,395286
Sweden,SWE,Hjalmar Ekdal,14,DF,,483319
Sweden,SWE,Carl Starfelt,15,DF,,441132
Sweden,SWE,Jesper Karlstrom,16,MF,,441135
Sweden,SWE,Viktor Gyokeres,17,FW,,483327
Sweden,SWE,Yasin Ayari,18,MF,,489688
Sweden,SWE,Mattias Svanberg,19,MF,,433795
Sweden,SWE,Eric Smith,20,DF,,493061
Sweden,SWE,Alexander Bernhardsson,21,DF,,502945
Sweden,SWE,Besfort Zeneli,22,MF,,503047
Sweden,SWE,Kristoffer Nordfeldt,23,GK,,360496
Sweden,SWE,Elliot Stroud,24,DF,,519958
Sweden,SWE,Gustaf Nilsson,25,FW,,489691
Sweden,SWE,Taha Ali,26,FW,,514202
Tunisia,TUN,Mouhib Chamakh,1,GK,,520245
Tunisia,TUN,Ali Abdi,2,DF,,433362
Tunisia,TUN,Montassar Talbi,3,DF,,433380
Tunisia,TUN,Omar Rekik,4,DF,,433367
Tunisia,TUN,Adam Arous,5,DF,,516043
Tunisia,TUN,Dylan Bronn,6,DF,,411653
Tunisia,TUN,Elias Achouri,7,FW,,448662
Tunisia,TUN,Elias Saad,8,FW,,482885
Tunisia,TUN,Hazem Mastouri,9,FW,,494374
Tunisia,TUN,Hannibal Mejbri,10,MF,,433378
Tunisia,TUN,Ismael Gharbi,11,MF,,464484
Tunisia,TUN,Mortadha Ben Ouanes,12,DF,,441362
Tunisia,TUN,Rani Khedira,13,MF,,336459
Tunisia,TUN,Khalil Ayari,14,MF,,512039
Tunisia,TUN,Mohamed Hadj Mahmoud,15,MF,,479781
Tunisia,TUN,Aymen Dahmen,16,GK,,433365
Tunisia,TUN,Ellyes Skhiri,17,MF,,411658
Tunisia,TUN,Rayan Elloumi,18,FW,,520247
Tunisia,TUN,Firas Chaouat,19,FW,,494375
Tunisia,TUN,Yan Valery,20,DF,,419189
Tunisia,TUN,Mohamed Amine Ben Hmida,21,DF,,425607
Tunisia,TUN,Sabri Ben Hessen,22,GK,,372294
Tunisia,TUN,Moutaz Neffati,23,DF,,506335
Tunisia,TUN,Raed Chikhaoui,24,DF,,520246
Tunisia,TUN,Anis Slimane,25,MF,,433361
Tunisia,TUN,Sebastian Tounekti,26,MF,,504502
Turkey,TUR,Mert Gunok,1,GK,,360498
Turkey,TUR,Zeki Celik,2,DF,,433072
Turkey,TUR,Merih Demiral,3,DF,,441179
Turkey,TUR,Caglar Soyuncu,4,DF,,401167
Turkey,TUR,Salih Ozcan,5,MF,,389907
Turkey,TUR,Orkun Kokcu,6,MF,,433118
Turkey,TUR,Kerem Akturkoglu,7,FW,,441188
Turkey,TUR,Arda Guler,8,FW,,484087
Turkey,TUR,Deniz Gul,9,FW,,495347
Turkey,TUR,Hakan Calhanoglu,10,MF,,369304
Turkey,TUR,Kenan Yildiz,11,FW,,484112
Turkey,TUR,Altay Bayindir,12,GK,,441180
Turkey,TUR,Eren Elmali,13,DF,,484065
Turkey,TUR,Abdulkerim Bardakci,14,DF,,484082
Turkey,TUR,Ozan Kabak,15,DF,,406249
Turkey,TUR,Ismail Yuksek,16,MF,,484092
Turkey,TUR,Irfan Can Kahveci,17,FW,,472877
Turkey,TUR,Mert Muldur,18,DF,,430120
Turkey,TUR,Yunus Akgun,19,FW,,406231
Turkey,TUR,Ferdi Kadioglu,20,DF,,484113
Turkey,TUR,Baris Alper Yilmaz,21,FW,,484139
Turkey,TUR,Kaan Ayhan,22,MF,,336170
Turkey,TUR,Ugurcan Cakir,23,GK,,441181
Turkey,TUR,Oguz Aydin,24,FW,,486076
Turkey,TUR,Samet Akaydin,25,DF,,484072
Turkey,TUR,Can Uzun,26,FW,,486074
Uruguay,URU,Sergio Rochet,1,GK,,368664
Uruguay,URU,Jose Maria Gimenez,2,DF,,368655
Uruguay,URU,Sebastian Caceres,3,DF,,419108
Uruguay,URU,Ronald Araujo,4,DF,,419101
Uruguay,URU,Manuel Ugarte,5,MF,,441623
Uruguay,URU,Rodrigo Bentancur,6,MF,,386538
Uruguay,URU,Nicolas De La Cruz,7,MF,,402898
Uruguay,URU,Federico Valverde,8,MF,,402884
Uruguay,URU,Darwin Nunez,9,FW,,419126
Uruguay,URU,Giorgian De Arrascaeta,10,MF,,368652
Uruguay,URU,Facundo Pellistri,11,FW,,439956
Uruguay,URU,Santiago Mele,12,GK,,402897
Uruguay,URU,Guillermo Varela,13,DF,,368660
Uruguay,URU,Agustin Canobbio,14,MF,,402876
Uruguay,URU,Emiliano Martinez,15,MF,,473062
Uruguay,URU,Mathias Olivera,16,DF,,402893
Uruguay,URU,Matias Vina,17,DF,,402895
Uruguay,URU,Brian Rodriguez,18,FW,,419132
Uruguay,URU,Rodrigo Aguirre,19,FW,,332897
Uruguay,URU,Maxi Araujo,20,MF,,419100
Uruguay,URU,Federico Vinas,21,FW,,477536
Uruguay,URU,Joaquin Piquerez,22,MF,,439538
Uruguay,URU,Fernando Muslera,23,GK,,229498
Uruguay,URU,Santiago Bueno,24,DF,,402904
Uruguay,URU,Juan Manuel Sanabria,25,MF,,419134
Uruguay,URU,Rodrigo Zalazar,26,MF,,419142
USA,USA,Matt Turner,1,GK,,448217
USA,USA,Sergino Dest,2,DF,,406280
USA,USA,Chris Richards,3,DF,,419062
USA,USA,Tyler Adams,4,MF,,390238
USA,USA,Antonee Robinson,5,DF,,441251
USA,USA,Auston Trusty,6,DF,,390272
USA,USA,Giovanni Reyna,7,MF,,419068
USA,USA,Weston Mckennie,8,MF,,390259
USA,USA,Ricardo Pepi,9,FW,,419082
USA,USA,Christian Pulisic,10,FW,,390267
USA,USA,Brenden Aaronson,11,FW,,419055
USA,USA,Miles Robinson,12,DF,,436599
USA,USA,Tim Ream,13,DF,,339510
USA,USA,Sebastian Berhalter,14,MF,,499912
USA,USA,Cristian Roldan,15,MF,,385994
USA,USA,Alex Freeman,16,DF,,464542
USA,USA,Malik Tillman,17,MF,,448214
USA,USA,Max Arfsten,18,DF,,486390
USA,USA,Haji Wright,19,FW,,390276
USA,USA,Folarin Balogun,20,FW,,466624
USA,USA,Timothy Weah,21,FW,,406304
USA,USA,Mark Mckenzie,22,DF,,419077
USA,USA,Joe Scally,23,DF,,423700
USA,USA,Matt Freese,24,GK,,499913
USA,USA,Chris Brady,25,GK,,464546
USA,USA,Alex Zendejas,26,FW,,390278
Uzbekistan,UZB,Utkir Yusupov,1,GK,,479077
Uzbekistan,UZB,Abdukodir Khusanov,2,DF,,464924
Uzbekistan,UZB,Khojiakbar Alijonov,3,DF,,479079
Uzbekistan,UZB,Farrukh Sayfiev,4,DF,,385139
Uzbekistan,UZB,Rustam Ashurmatov,5,DF,,371415
Uzbekistan,UZB,Akmal Mozgovoy,6,MF,,479106
Uzbekistan,UZB,Otabek Shukurov,7,MF,,371348
Uzbekistan,UZB,Jamshid Iskanderov,8,MF,,368545
Uzbekistan,UZB,Odiljon Xamrobekov,9,MF,,371345
Uzbekistan,UZB,Jaloliddin Masharipov,10,MF,,368560
Uzbekistan,UZB,Oston Urunov,11,MF,,479080
Uzbekistan,UZB,Abduvohid Nematov,12,GK,,479110
Uzbekistan,UZB,Sherzod Nasrullaev,13,DF,,479075
Uzbekistan,UZB,Eldor Shomurodov,14,FW,,385475
Uzbekistan,UZB,Umar Eshmurodov,15,DF,,479084
Uzbekistan,UZB,Botirali Ergashev,16,GK,,385472
Uzbekistan,UZB,Dostonbek Khamdamov,17,MF,,371393
Uzbekistan,UZB,Abdulla Abdullaev,18,DF,,479042
Uzbekistan,UZB,Azizjon Ganiev,19,MF,,479086
Uzbekistan,UZB,Azizbek Amonov,20,FW,,481220
Uzbekistan,UZB,Igor Sergeev,21,FW,,368546
Uzbekistan,UZB,Abbosbek Fayzullaev,22,MF,,464933
Uzbekistan,UZB,Sherzod Esanov,23,MF,,464897
Uzbekistan,UZB,Behruzjon Karimov,24,DF,,475260
Uzbekistan,UZB,Avazbek Ulmasaliyev,25,DF,,518264
Uzbekistan,UZB,Jakhongir Urozov,26,DF,,464906
